STATION,LINENAME,station_id,Complex ID,Complex Name,Daytime Routes
1 AV,L,1 AV_L,119,1 Av,L
1 AVE,L,1 AVE_L,119,1 Av,L
103 ST,6,103 ST_6,395,103 St,6
103 ST,1,103 ST_1,309,103 St,1
103 ST,BC,103 ST_BC,156,103 St,C B
103 ST-CORONA,7,103 ST-CORONA_7,450,103 St-Corona Plaza,7
104 ST,A,104 ST_A,193,104 St,A
104 ST,JZ,104 ST_JZ,82,104 St,J Z
110 ST,6,110 ST_6,394,110 St,6
110 ST-CATHEDRL,1,110 ST-CATHEDRL_1,308,Cathedral Pkwy (110 St),1
110 ST-CPN,23,110 ST-CPN_23,441,Central Park North (110 St),2 3
111 ST,A,111 ST_A,194,111 St,A
111 ST,7,111 ST_7,449,111 St,7
111 ST,J,111 ST_J,81,111 St,J
116 ST,BC,116 ST_BC,154,116 St,C B
116 ST,23,116 ST_23,440,116 St,2 3
116 ST,6,116 ST_6,393,116 St,6
116 ST-COLUMBIA,1,116 ST-COLUMBIA_1,307,116 St-Columbia University,1
121 ST,JZ,121 ST_JZ,80,121 St,J Z
125 ST,456,125 ST_456,392,125 St,4 5 6
125 ST,23,125 ST_23,439,125 St,2 3
125 ST,ACBD,125 ST_ACBD,153,125 St,A C B D
125 ST,1,125 ST_1,306,125 St,1
135 ST,BC,135 ST_BC,152,135 St,C B
135 ST,23,135 ST_23,438,135 St,2 3
137 ST CITY COL,1,137 ST CITY COL_1,305,137 St-City College,1
137 ST-CITY COL,1,137 ST-CITY COL_1,305,137 St-City College,1
138 ST-3 AVE,6,138 ST-3 AVE_6,377,3 Av-138 St,6
138 ST-GR CONC,45,138 ST-GR CONC_45,391,138 St-Grand Concourse,4 5
138/GRAND CONC,45,138/GRAND CONC_45,391,138 St-Grand Concourse,4 5
14 ST,ACEL,14 ST_ACEL,618,14 St/8 Av,A C E L
14 ST,FLM123,14 ST_FLM123,601,14 St/6 Av,1 2 3 L F M
14 ST,123FLM,14 ST_123FLM,601,14 St/6 Av,1 2 3 L F M
14 ST-6 AVE,FLM123,14 ST-6 AVE_FLM123,601,14 St/6 Av,1 2 3 L F M
14 ST-UNION SQ,LNQR456W,14 ST-UNION SQ_LNQR456W,602,14 St-Union Sq,4 5 6 L N Q R W
14 ST-UNION SQ,456LNQRW,14 ST-UNION SQ_456LNQRW,602,14 St-Union Sq,4 5 6 L N Q R W
14 ST-UNION SQ,LNQR456,14 ST-UNION SQ_LNQR456,602,14 St-Union Sq,4 5 6 L N Q R W
14 ST-UNION SQ,456LNQR,14 ST-UNION SQ_456LNQR,602,14 St-Union Sq,4 5 6 L N Q R W
145 ST,ABCD,145 ST_ABCD,151,145 St,A C B D
145 ST,3,145 ST_3,437,145 St,3
145 ST,1,145 ST_1,304,145 St,1
148 ST-LENOX,3,148 ST-LENOX_3,436,Harlem-148 St,3
149 ST-3 AVE,25,149 ST-3 AVE_25,434,3 Av-149 St,2 5
149 ST-GR CONC,245,149 ST-GR CONC_245,603,149 St-Grand Concourse,2 4 5
149/GRAND CONC,245,149/GRAND CONC_245,603,149 St-Grand Concourse,2 4 5
15 ST-PROSPECT,FG,15 ST-PROSPECT_FG,241,15 St-Prospect Park,F G
155 ST,BD,155 ST_BD,220,155 St,B D
155 ST,C,155 ST_C,150,155 St,C
157 ST,1,157 ST_1,303,157 St,1
161 ST-YANKEE,4BD,161 ST-YANKEE_4BD,604,161 St-Yankee Stadium,4 B D
161 ST-YANKEE,BD4,161 ST-YANKEE_BD4,604,161 St-Yankee Stadium,4 B D
161/YANKEE STAD,BD4,161/YANKEE STAD_BD4,604,161 St-Yankee Stadium,4 B D
161/YANKEE STAD,4BD,161/YANKEE STAD_4BD,604,161 St-Yankee Stadium,4 B D
163 ST-AMSTERDM,C,163 ST-AMSTERDM_C,149,163 St-Amsterdam Av,C
167 ST,4,167 ST_4,388,167 St,4
167 ST,BD,167 ST_BD,218,167 St,B D
168 ST,AC1,168 ST_AC1,605,168 St-Washington Hts,1 A C
168 ST,1AC,168 ST_1AC,605,168 St-Washington Hts,1 A C
168 ST-BROADWAY,1AC,168 ST-BROADWAY_1AC,605,168 St-Washington Hts,1 A C
168 ST-BROADWAY,AC1,168 ST-BROADWAY_AC1,605,168 St-Washington Hts,1 A C
169 ST,F,169 ST_F,255,169 St,F
170 ST,4,170 ST_4,387,170 St,4
170 ST,BD,170 ST_BD,217,170 St,B D
174 ST,25,174 ST_25,428,174 St,2 5
174-175 ST,BD,174-175 ST_BD,216,174-175 Sts,B D
174-175 STS,BD,174-175 STS_BD,216,174-175 Sts,B D
175 ST,A,175 ST_A,147,175 St,A
176 ST,4,176 ST_4,385,176 St,4
18 AV,D,18 AV_D,66,18 Av,D
18 AV,N,18 AV_N,74,18 Av,N
18 AV,F,18 AV_F,245,18 Av,F
18 AVE,F,18 AVE_F,245,18 Av,F
18 AVE,N,18 AVE_N,74,18 Av,N
18 AVE,D,18 AVE_D,66,18 Av,D
18 ST,1,18 ST_1,321,18 St,1
181 ST,1,181 ST_1,301,181 St,1
181 ST,A,181 ST_A,146,181 St,A
182-183 ST,BD,182-183 ST_BD,214,182-183 Sts,B D
182-183 STS,BD,182-183 STS_BD,214,182-183 Sts,B D
183 ST,4,183 ST_4,383,183 St,4
190 ST,A,190 ST_A,145,190 St,A
191 ST,1,191 ST_1,300,191 St,1
2 AV,F,2 AV_F,232,2 Av,F
2 AVE,F,2 AVE_F,232,2 Av,F
20 AV,D,20 AV_D,67,20 Av,D
20 AV,N,20 AV_N,75,20 Av,N
20 AVE,D,20 AVE_D,67,20 Av,D
20 AVE,N,20 AVE_N,75,20 Av,N
207 ST,1,207 ST_1,298,207 St,1
21 ST,F,21 ST_F,221,21 St-Queensbridge,F
21 ST,G,21 ST_G,282,21 St,G
21 ST-QNSBRIDGE,F,21 ST-QNSBRIDGE_F,221,21 St-Queensbridge,F
215 ST,1,215 ST_1,297,215 St,1
219 ST,25,219 ST_25,420,219 St,2 5
22 AVE-BAY PKY,F,22 AVE-BAY PKY_F,247,Bay Pkwy,F
225 ST,25,225 ST_25,419,225 St,2 5
23 ST,FM,23 ST_FM,228,23 St,F M
23 ST,6,23 ST_6,405,23 St,6
23 ST,NR,23 ST_NR,14,23 St,R W
23 ST,1,23 ST_1,320,23 St,1
23 ST,NRW,23 ST_NRW,14,23 St,R W
23 ST,CE,23 ST_CE,165,23 St,C E
23 ST-5 AVE,NR,23 ST-5 AVE_NR,14,23 St,R W
23 ST-6 AVE,FM,23 ST-6 AVE_FM,228,23 St,F M
231 ST,1,231 ST_1,295,231 St,1
233 ST,25,233 ST_25,418,233 St,2 5
238 ST,1,238 ST_1,294,238 St,1
242 ST,1,242 ST_1,293,Van Cortlandt Park-242 St,1
25 AV,D,25 AV_D,69,25 Av,D
25 AVE,D,25 AVE_D,69,25 Av,D
25 ST,R,25 ST_R,31,25 St,R
28 ST,NRW,28 ST_NRW,13,28 St,R W
28 ST,6,28 ST_6,404,28 St,6
28 ST,1,28 ST_1,319,28 St,1
28 ST,NR,28 ST_NR,13,28 St,R W
28 ST-BROADWAY,NR,28 ST-BROADWAY_NR,13,28 St,R W
3 AV,L,3 AV_L,118,3 Av,L
3 AV 138 ST,6,3 AV 138 ST_6,377,3 Av-138 St,6
3 AV-149 ST,25,3 AV-149 ST_25,434,3 Av-149 St,2 5
3 AVE,L,3 AVE_L,118,3 Av,L
30 AV,NQW,30 AV_NQW,3,30 Av,N W
30 AV,NQ,30 AV_NQ,3,30 Av,N W
33 ST,6,33 ST_6,403,33 St,6
33 ST-RAWSON ST,7,33 ST-RAWSON ST_7,460,33 St-Rawson St,7
33 ST/RAWSON ST,7,33 ST/RAWSON ST_7,460,33 St-Rawson St,7
34 ST-HERALD SQ,BDFMNQRW,34 ST-HERALD SQ_BDFMNQRW,607,34 St-Herald Sq,B D F M N Q R W
34 ST-HERALD SQ,BDFMNQRW,34 ST-HERALD SQ_BDFMNQRW,607,34 St-Herald Sq,B D F M N Q R W
34 ST-HERALD SQ,BDFMNQR,34 ST-HERALD SQ_BDFMNQR,607,34 St-Herald Sq,B D F M N Q R W
34 ST-HERALD SQ,BDFMNQR,34 ST-HERALD SQ_BDFMNQR,607,34 St-Herald Sq,B D F M N Q R W
34 ST-HUDSON YD,7,34 ST-HUDSON YD_7,471,34 St-Hudson Yards,7
34 ST-PENN STA,ACE,34 ST-PENN STA_ACE,164,34 St-Penn Station,A C E
34 ST-PENN STA,123ACE,34 ST-PENN STA_123ACE,318,34 St-Penn Station,1 2 3
34 ST-PENN STA,123,34 ST-PENN STA_123,318,34 St-Penn Station,1 2 3
36 AV,NQ,36 AV_NQ,5,36 Av,N W
36 AV,NQW,36 AV_NQW,5,36 Av,N W
36 ST,MR,36 ST_MR,272,36 St,M R
36 ST,DNR,36 ST_DNR,32,36 St,D N R
39 AV,NQ,39 AV_NQ,6,39 Av-Dutch Kills,N W
39 AV,NQW,39 AV_NQW,6,39 Av-Dutch Kills,N W
4 AV-9 ST,DFGMNR,4 AV-9 ST_DFGMNR,608,4 Av-9 St,F G R
4 AVE,DFGMNR,4 AVE_DFGMNR,608,4 Av-9 St,F G R
40 ST LOWERY ST,7,40 ST LOWERY ST_7,459,40 St-Lowery St,7
40 ST-LOWERY ST,7,40 ST-LOWERY ST_7,459,40 St-Lowery St,7
42 ST-BRYANT PK,BDFM7,42 ST-BRYANT PK_BDFM7,609,42 St-Bryant Pk/5 Av,7 B D F M
42 ST-GRD CNTRL,4567S,42 ST-GRD CNTRL_4567S,610,Grand Central-42 St,4 5 6 7 S
42 ST-PA BUS TE,ACENQRS1237,42 ST-PA BUS TE_ACENQRS1237,611,Times Sq-42 St/Port Authority Bus Terminal,1 2 3 7 A C E N Q R W S
42 ST-PA BUS TE,ACENGRS1237,42 ST-PA BUS TE_ACENGRS1237,611,Times Sq-42 St/Port Authority Bus Terminal,1 2 3 7 A C E N Q R W S
42 ST-PORT AUTH,ACENQRS1237,42 ST-PORT AUTH_ACENQRS1237,611,Times Sq-42 St/Port Authority Bus Terminal,1 2 3 7 A C E N Q R W S
42 ST-PORT AUTH,ACENGRS1237,42 ST-PORT AUTH_ACENGRS1237,611,Times Sq-42 St/Port Authority Bus Terminal,1 2 3 7 A C E N Q R W S
42 ST-PORT AUTH,ACENGRS1237W,42 ST-PORT AUTH_ACENGRS1237W,611,Times Sq-42 St/Port Authority Bus Terminal,1 2 3 7 A C E N Q R W S
42 ST-PORT AUTH,ACENQRS1237W,42 ST-PORT AUTH_ACENQRS1237W,611,Times Sq-42 St/Port Authority Bus Terminal,1 2 3 7 A C E N Q R W S
42 ST-TIMES SQ,ACENQRS1237,42 ST-TIMES SQ_ACENQRS1237,611,Times Sq-42 St/Port Authority Bus Terminal,1 2 3 7 A C E N Q R W S
42 ST-TIMES SQ,1237ACENQRS,42 ST-TIMES SQ_1237ACENQRS,611,Times Sq-42 St/Port Authority Bus Terminal,1 2 3 7 A C E N Q R W S
45 ST,R,45 ST_R,33,45 St,R
46 ST,MR,46 ST_MR,270,46 St,M R
46 ST BLISS ST,7,46 ST BLISS ST_7,458,46 St-Bliss St,7
46 ST-BLISS ST,7,46 ST-BLISS ST_7,458,46 St-Bliss St,7
47-50 ST-ROCK,BDFM,47-50 ST-ROCK_BDFM,225,47-50 Sts-Rockefeller Ctr,B D F M
47-50 STS ROCK,BDFM,47-50 STS ROCK_BDFM,225,47-50 Sts-Rockefeller Ctr,B D F M
49 ST,NQR,49 ST_NQR,10,49 St,N R W
49 ST,NQRW,49 ST_NQRW,10,49 St,N R W
49 ST-7 AVE,NQR,49 ST-7 AVE_NQR,10,49 St,N R W
4AV-9 ST,DFGMNR,4AV-9 ST_DFGMNR,608,4 Av-9 St,F G R
5 AV/53 ST,EM,5 AV/53 ST_EM,276,5 Av/53 St,E M
5 AV/59 ST,NQRW,5 AV/59 ST_NQRW,8,5 Av/59 St,N R W
5 AV/59 ST,NQR,5 AV/59 ST_NQR,8,5 Av/59 St,N R W
5 AVE,7BDFM,5 AVE_7BDFM,609,42 St-Bryant Pk/5 Av,7 B D F M
5 AVE-53 ST,EM,5 AVE-53 ST_EM,276,5 Av/53 St,E M
5 AVE-59 ST,NQR,5 AVE-59 ST_NQR,8,5 Av/59 St,N R W
5 AVE-BRYANT PK,7BDFM,5 AVE-BRYANT PK_7BDFM,609,42 St-Bryant Pk/5 Av,7 B D F M
50 ST,1,50 ST_1,316,50 St,1
50 ST,CE,50 ST_CE,162,50 St,C E
50 ST,D,50 ST_D,61,50 St,D
51 ST,6,51 ST_6,612,Lexington Av/51-53 Sts,6 E M
52 ST,7,52 ST_7,457,52 St,7
52 ST-LINCOLN,7,52 ST-LINCOLN_7,457,52 St,7
53 ST,R,53 ST_R,34,53 St,R
55 ST,D,55 ST_D,62,55 St,D
57 ST,F,57 ST_F,224,57 St,F
57 ST-7 AV,NQR,57 ST-7 AV_NQR,9,57 St-7 Av,N Q R W
57 ST-7 AV,NQRW,57 ST-7 AV_NQRW,9,57 St-7 Av,N Q R W
57 ST-7 AVE,NQR,57 ST-7 AVE_NQR,9,57 St-7 Av,N Q R W
59 ST,NR,59 ST_NR,35,59 St,N R
59 ST,NRW,59 ST_NRW,35,59 St,N R
59 ST,NQR456,59 ST_NQR456,613,Lexington Av/59 St,4 5 6 N R W
59 ST,456NQR,59 ST_456NQR,613,Lexington Av/59 St,4 5 6 N R W
59 ST,456NQRW,59 ST_456NQRW,613,Lexington Av/59 St,4 5 6 N R W
59 ST,NQR456W,59 ST_NQR456W,613,Lexington Av/59 St,4 5 6 N R W
59 ST COLUMBUS,1ABCD,59 ST COLUMBUS_1ABCD,614,59 St-Columbus Circle,1 A C B D
59 ST COLUMBUS,ABCD1,59 ST COLUMBUS_ABCD1,614,59 St-Columbus Circle,1 A C B D
59 ST-COLUMBUS,ABCD1,59 ST-COLUMBUS_ABCD1,614,59 St-Columbus Circle,1 A C B D
59 ST-COLUMBUS,1ABCD,59 ST-COLUMBUS_1ABCD,614,59 St-Columbus Circle,1 A C B D
6 AV,FLM123,6 AV_FLM123,601,14 St/6 Av,1 2 3 L F M
6 AVE,FLM123,6 AVE_FLM123,601,14 St/6 Av,1 2 3 L F M
61 ST WOODSIDE,7,61 ST WOODSIDE_7,456,61 St-Woodside,7
61 ST/WOODSIDE,7,61 ST/WOODSIDE_7,456,61 St-Woodside,7
63 DR-REGO PARK,MR,63 DR-REGO PARK_MR,263,63 Dr-Rego Park,M R
65 ST,MR,65 ST_MR,268,65 St,M R
66 ST-LINCOLN,1,66 ST-LINCOLN_1,314,66 St-Lincoln Center,1
67 AV,MR,67 AV_MR,262,67 Av,M R
67 AVE,MR,67 AVE_MR,262,67 Av,M R
68ST-HUNTER CO,6,68ST-HUNTER CO_6,399,68 St-Hunter College,6
68ST-HUNTER COL,6,68ST-HUNTER COL_6,399,68 St-Hunter College,6
69 ST,7,69 ST_7,455,69 St,7
69 ST-FISK AVE,7,69 ST-FISK AVE_7,455,69 St,7
7 AV,FG,7 AV_FG,240,7 Av,F G
7 AV,BDE,7 AV_BDE,277,7 Av,E B D
7 AV,BQ,7 AV_BQ,41,7 Av,B Q
7 AV-PARK SLOPE,FG,7 AV-PARK SLOPE_FG,240,7 Av,F G
7 AVE,BQ,7 AVE_BQ,41,7 Av,B Q
7 AVE-53 ST,BDE,7 AVE-53 ST_BDE,277,7 Av,E B D
71 ST,D,71 ST_D,64,71 St,D
72 ST,BC,72 ST_BC,160,72 St,C B
72 ST,123,72 ST_123,313,72 St,1 2 3
72 ST-2 AVE,Q,72 ST-2 AVE_Q,477,72 St,Q
74 ST-BROADWAY,7EFMR,74 ST-BROADWAY_7EFMR,616,Jackson Hts-Roosevelt Av/74 St-Broadway,7 E F M R
75 AV,EF,75 AV_EF,260,75 Av,E F
75 AVE,EF,75 AVE_EF,260,75 Av,E F
75 ST-ELDERTS,JZ,75 ST-ELDERTS_JZ,85,75 St-Elderts Ln,J Z
77 ST,6,77 ST_6,398,77 St,6
77 ST,R,77 ST_R,37,77 St,R
79 ST,1,79 ST_1,312,79 St,1
79 ST,D,79 ST_D,65,79 St,D
8 AV,ACEL,8 AV_ACEL,618,14 St/8 Av,A C E L
8 AV,N,8 AV_N,71,8 Av,N
8 AVE,N,8 AVE_N,71,8 Av,N
8 AVE,ACEL,8 AVE_ACEL,618,14 St/8 Av,A C E L
8 ST-B'WAY NYU,NR,8 ST-B'WAY NYU_NR,16,8 St-NYU,R W
8 ST-NYU,NRW,8 ST-NYU_NRW,16,8 St-NYU,R W
8 ST-NYU,NR,8 ST-NYU_NR,16,8 St-NYU,R W
80 ST,A,80 ST_A,190,80 St,A
81 ST-MUSEUM,BC,81 ST-MUSEUM_BC,159,81 St-Museum of Natural History,C B
82 ST-JACKSON H,7,82 ST-JACKSON H_7,453,82 St-Jackson Hts,7
85 ST-FOREST PK,J,85 ST-FOREST PK_J,84,85 St-Forest Pkwy,J
86 ST,R,86 ST_R,38,86 St,R
86 ST,1,86 ST_1,311,86 St,1
86 ST,BC,86 ST_BC,158,86 St,C B
86 ST,N,86 ST_N,79,86 St,N
86 ST,456,86 ST_456,397,86 St,4 5 6
86 ST-2 AVE,Q,86 ST-2 AVE_Q,476,86 St,Q
88 ST,A,88 ST_A,191,88 St,A
9 AV,D,9 AV_D,59,9 Av,D
9 AVE,D,9 AVE_D,59,9 Av,D
9 ST,DFGMNR,9 ST_DFGMNR,608,4 Av-9 St,F G R
90 ST-ELMHURST,7,90 ST-ELMHURST_7,452,90 St-Elmhurst Av,7
96 ST,BC,96 ST_BC,157,96 St,C B
96 ST,6,96 ST_6,396,96 St,6
96 ST,123,96 ST_123,310,96 St,1 2 3
96 ST-2 AVE,Q,96 ST-2 AVE_Q,475,96 St,Q
ALABAMA AV,J,ALABAMA AV_J,91,Alabama Av,J Z
ALABAMA AVE,J,ALABAMA AVE_J,91,Alabama Av,J Z
ALLERTON AV,25,ALLERTON AV_25,423,Allerton Av,2 5
ALLERTON AVE,25,ALLERTON AVE_25,423,Allerton Av,2 5
AQUEDUCT N.COND,A,AQUEDUCT N.COND_A,197,Aqueduct-N Conduit Av,A
AQUEDUCT RACETR,A,AQUEDUCT RACETR_A,196,Aqueduct Racetrack,A
AQUEDUCT TRACK,A,AQUEDUCT TRACK_A,196,Aqueduct Racetrack,A
AQUEDUCT-N CNDT,A,AQUEDUCT-N CNDT_A,197,Aqueduct-N Conduit Av,A
ASTOR PL,6,ASTOR PL_6,407,Astor Pl,6
ASTOR PLACE,6,ASTOR PLACE_6,407,Astor Pl,6
ASTORIA BLVD,NQW,ASTORIA BLVD_NQW,2,Astoria Blvd,N W
ASTORIA BLVD,NQ,ASTORIA BLVD_NQ,2,Astoria Blvd,N W
ASTORIA DITMARS,NQW,ASTORIA DITMARS_NQW,1,Astoria-Ditmars Blvd,N W
ASTORIA DITMARS,NQ,ASTORIA DITMARS_NQ,1,Astoria-Ditmars Blvd,N W
ATL AV-BARCLAY,2345BDNQR,ATL AV-BARCLAY_2345BDNQR,617,Atlantic Av-Barclays Ctr,2 3 4 5 B D N Q R
ATL AV-BARCLAY,BDNQR2345,ATL AV-BARCLAY_BDNQR2345,617,Atlantic Av-Barclays Ctr,2 3 4 5 B D N Q R
ATL AV-BARCLAY,BDNQR2345,ATL AV-BARCLAY_BDNQR2345,617,Atlantic Av-Barclays Ctr,2 3 4 5 B D N Q R
ATLANTIC AV,L,ATLANTIC AV_L,133,Atlantic Av,L
ATLANTIC AVE,L,ATLANTIC AVE_L,133,Atlantic Av,L
AVE H,BQ,AVE H_BQ,48,Avenue H,Q
AVE I,F,AVE I_F,246,Avenue I,F
AVE J,BQ,AVE J_BQ,49,Avenue J,Q
AVE M,BQ,AVE M_BQ,50,Avenue M,Q
AVE N,F,AVE N_F,248,Avenue N,F
AVE P,F,AVE P_F,249,Avenue P,F
AVE U,F,AVE U_F,251,Avenue U,F
AVE U,N,AVE U_N,78,Avenue U,N
AVE U,BQ,AVE U_BQ,52,Avenue U,Q
AVE X,F,AVE X_F,252,Avenue X,F
AVENUE H,BQ,AVENUE H_BQ,48,Avenue H,Q
AVENUE I,F,AVENUE I_F,246,Avenue I,F
AVENUE J,BQ,AVENUE J_BQ,49,Avenue J,Q
AVENUE M,BQ,AVENUE M_BQ,50,Avenue M,Q
AVENUE N,F,AVENUE N_F,248,Avenue N,F
AVENUE P,F,AVENUE P_F,249,Avenue P,F
AVENUE U,F,AVENUE U_F,251,Avenue U,F
AVENUE U,BQ,AVENUE U_BQ,52,Avenue U,Q
AVENUE U,N,AVENUE U_N,78,Avenue U,N
AVENUE X,F,AVENUE X_F,252,Avenue X,F
B'WAY-LAFAYETTE,BDFQ6,B'WAY-LAFAYETTE_BDFQ6,619,Broadway-Lafayette St/Bleecker St,6 B D F M
BARCLAYS CENTER,2345BDNQR,BARCLAYS CENTER_2345BDNQR,617,Atlantic Av-Barclays Ctr,2 3 4 5 B D N Q R
BARCLAYS CENTER,BDNQR2345,BARCLAYS CENTER_BDNQR2345,617,Atlantic Av-Barclays Ctr,2 3 4 5 B D N Q R
BARCLAYS CENTER,BDNQR2345,BARCLAYS CENTER_BDNQR2345,617,Atlantic Av-Barclays Ctr,2 3 4 5 B D N Q R
BAY 50 ST,D,BAY 50 ST_D,70,Bay 50 St,D
BAY PARKWAY,D,BAY PARKWAY_D,68,Bay Pkwy,D
BAY PKWY,D,BAY PKWY_D,68,Bay Pkwy,D
BAY PKWY,N,BAY PKWY_N,76,Bay Pkwy,N
BAY PKWY,F,BAY PKWY_F,247,Bay Pkwy,F
BAY PKY-22 AVE,N,BAY PKY-22 AVE_N,76,Bay Pkwy,N
BAY RIDGE AV,R,BAY RIDGE AV_R,36,Bay Ridge Av,R
BAY RIDGE AVE,R,BAY RIDGE AVE_R,36,Bay Ridge Av,R
BAY RIDGE-95 ST,R,BAY RIDGE-95 ST_R,39,Bay Ridge-95 St,R
BAYCHESTER AV,5,BAYCHESTER AV_5,443,Baychester Av,5
BAYCHESTER AVE,5,BAYCHESTER AVE_5,443,Baychester Av,5
BEACH 105 ST,AS,BEACH 105 ST_AS,202,Beach 105 St,A S
BEACH 25 ST,A,BEACH 25 ST_A,208,Beach 25 St,A
BEACH 36 ST,A,BEACH 36 ST_A,207,Beach 36 St,A
BEACH 44 ST,A,BEACH 44 ST_A,206,Beach 44 St,A
BEACH 60 ST,A,BEACH 60 ST_A,205,Beach 60 St,A
BEACH 67 ST,A,BEACH 67 ST_A,204,Beach 67 St,A
BEACH 90 ST,AS,BEACH 90 ST_AS,200,Beach 90 St,A S
BEACH 98 ST,AS,BEACH 98 ST_AS,201,Beach 98 St,A S
BEDFORD AV,L,BEDFORD AV_L,120,Bedford Av,L
BEDFORD AVE,L,BEDFORD AVE_L,120,Bedford Av,L
BEDFORD PARK BL,4,BEDFORD PARK BL_4,380,Bedford Park Blvd-Lehman College,4
BEDFORD PARK BL,BD,BEDFORD PARK BL_BD,211,Bedford Park Blvd,B D
BEDFORD PK BLVD,4,BEDFORD PK BLVD_4,380,Bedford Park Blvd-Lehman College,4
BEDFORD PK BLVD,BD,BEDFORD PK BLVD_BD,211,Bedford Park Blvd,B D
BEDFORD-NOSTRAN,G,BEDFORD-NOSTRAN_G,289,Bedford-Nostrand Avs,G
BEDFORD/NOSTRAN,G,BEDFORD/NOSTRAN_G,289,Bedford-Nostrand Avs,G
BEEBE-39 AVE,NQ,BEEBE-39 AVE_NQ,6,39 Av-Dutch Kills,N W
BERGEN ST,23,BERGEN ST_23,339,Bergen St,2 3
BERGEN ST,FG,BERGEN ST_FG,236,Bergen St,F G
BEVERLEY ROAD,BQ,BEVERLEY ROAD_BQ,45,Beverley Rd,Q
BEVERLY RD,25,BEVERLY RD_25,357,Beverly Rd,2 5
BEVERLY ROAD,25,BEVERLY ROAD_25,357,Beverly Rd,2 5
BLEECKER ST,6DF,BLEECKER ST_6DF,619,Broadway-Lafayette St/Bleecker St,6 B D F M
BOROUGH HALL,R2345,BOROUGH HALL_R2345,620,Borough Hall/Court St,2 3 4 5 R
BOROUGH HALL,2345R,BOROUGH HALL_2345R,620,Borough Hall/Court St,2 3 4 5 R
BOROUGH HALL/CT,2345R,BOROUGH HALL/CT_2345R,620,Borough Hall/Court St,2 3 4 5 R
BOROUGH HALL/CT,R2345,BOROUGH HALL/CT_R2345,620,Borough Hall/Court St,2 3 4 5 R
BOTANIC GARDEN,S2345,BOTANIC GARDEN_S2345,626,Franklin Av-Medgar Evers College/Botanic Garden,2 3 4 5 S
BOWERY,JZ,BOWERY_JZ,103,Bowery,J Z
BOWLING GREEN,45,BOWLING GREEN_45,414,Bowling Green,4 5
BOYD-88 ST,A,BOYD-88 ST_A,191,88 St,A
BRIARWOOD,EF,BRIARWOOD_EF,258,Briarwood,E F
BRIGHTON BEACH,BQ,BRIGHTON BEACH_BQ,55,Brighton Beach,B Q
BROAD CHANNEL,AS,BROAD CHANNEL_AS,199,Broad Channel,A S
BROAD ST,JZ,BROAD ST_JZ,107,Broad St,J Z
BROADWAY,NQ,BROADWAY_NQ,4,Broadway,N W
BROADWAY,G,BROADWAY_G,286,Broadway,G
BROADWAY,NQW,BROADWAY_NQW,4,Broadway,N W
BROADWAY JCT,ACJLZ,BROADWAY JCT_ACJLZ,621,Broadway Junction,A C J Z L
BROADWAY-31 ST,NQ,BROADWAY-31 ST_NQ,4,Broadway,N W
BROADWAY-ENY,ACJLZ,BROADWAY-ENY_ACJLZ,621,Broadway Junction,A C J Z L
BROADWAY/LAFAY,BDFQ6,BROADWAY/LAFAY_BDFQ6,619,Broadway-Lafayette St/Bleecker St,6 B D F M
BRONX PARK EAST,25,BRONX PARK EAST_25,425,Bronx Park East,2 5
BROOK AV,6,BROOK AV_6,376,Brook Av,6
BROOK AVE,6,BROOK AVE_6,376,Brook Av,6
BROOKLYN BRIDGE,456JZ,BROOKLYN BRIDGE_456JZ,622,Brooklyn Bridge-City Hall/Chambers St,4 5 6 J Z
BUHRE AV,6,BUHRE AV_6,361,Buhre Av,6
BUHRE AVE,6,BUHRE AVE_6,361,Buhre Av,6
BURKE AV,25,BURKE AV_25,422,Burke Av,2 5
BURKE AVE,25,BURKE AVE_25,422,Burke Av,2 5
BURNSIDE AV,4,BURNSIDE AV_4,384,Burnside Av,4
BURNSIDE AVE,4,BURNSIDE AVE_4,384,Burnside Av,4
BUSHWICK AV,L,BUSHWICK AV_L,131,Bushwick Av-Aberdeen St,L
BUSHWICK AVE,L,BUSHWICK AVE_L,131,Bushwick Av-Aberdeen St,L
CANAL ST,JNQRZ6,CANAL ST_JNQRZ6,623,Canal St,6 J Z N Q R W
CANAL ST,ACE,CANAL ST_ACE,169,Canal St,A C E
CANAL ST,JNQRZ6W,CANAL ST_JNQRZ6W,623,Canal St,6 J Z N Q R W
CANAL ST,1,CANAL ST_1,325,Canal St,1
CANARSIE-ROCKAW,L,CANARSIE-ROCKAW_L,138,Canarsie-Rockaway Pkwy,L
CARROLL ST,FG,CARROLL ST_FG,237,Carroll St,F G
CASTLE HILL AV,6,CASTLE HILL AV_6,365,Castle Hill Av,6
CASTLE HILL AVE,6,CASTLE HILL AVE_6,365,Castle Hill Av,6
CATHEDRAL PKWY,BC,CATHEDRAL PKWY_BC,155,Cathedral Pkwy (110 St),C B
CATHEDRAL PKWY,1,CATHEDRAL PKWY_1,308,Cathedral Pkwy (110 St),1
CATHEDRL-110 ST,BC,CATHEDRL-110 ST_BC,155,Cathedral Pkwy (110 St),C B
CENTRAL AV,M,CENTRAL AV_M,114,Central Av,M
CENTRAL AVE,M,CENTRAL AVE_M,114,Central Av,M
CENTRAL PK N110,23,CENTRAL PK N110_23,441,Central Park North (110 St),2 3
CHAMBERS ST,JZ456,CHAMBERS ST_JZ456,622,Brooklyn Bridge-City Hall/Chambers St,4 5 6 J Z
CHAMBERS ST,123,CHAMBERS ST_123,327,Chambers St,1 2 3
CHAMBERS ST,ACE23,CHAMBERS ST_ACE23,624,Chambers St/WTC/Park Place/Cortlandt St,2 3 A C E R W
CHAUNCEY ST,JZ,CHAUNCEY ST_JZ,93,Chauncey St,J Z
CHRISTOPHER ST,1,CHRISTOPHER ST_1,323,Christopher St-Stonewall,1
CHURCH AV,FG,CHURCH AV_FG,243,Church Av,F G
CHURCH AV,BQ,CHURCH AV_BQ,44,Church Av,B Q
CHURCH AV,25,CHURCH AV_25,356,Church Av,2 5
CHURCH AVE,FG,CHURCH AVE_FG,243,Church Av,F G
CHURCH AVE,25,CHURCH AVE_25,356,Church Av,2 5
CHURCH AVE,BQ,CHURCH AVE_BQ,44,Church Av,B Q
CITY HALL,R,CITY HALL_R,20,City Hall,R W
CITY HALL,NRW,CITY HALL_NRW,20,City Hall,R W
CLARK ST,23,CLARK ST_23,334,Clark St,2 3
CLASSON AV,G,CLASSON AV_G,290,Classon Av,G
CLASSON AVE,G,CLASSON AVE_G,290,Classon Av,G
CLEVELAND ST,J,CLEVELAND ST_J,89,Cleveland St,J
CLINTON-WASH AV,G,CLINTON-WASH AV_G,291,Clinton-Washington Avs,G
CLINTON-WASH AV,C,CLINTON-WASH AV_C,177,Clinton-Washington Avs,C
CONEY IS-STILLW,DFNQ,CONEY IS-STILLW_DFNQ,58,Coney Island-Stillwell Av,D F N Q
CORTELYOU RD,BQ,CORTELYOU RD_BQ,46,Cortelyou Rd,Q
CORTELYOU ROAD,BQ,CORTELYOU ROAD_BQ,46,Cortelyou Rd,Q
CORTLANDT ST,R,CORTLANDT ST_R,624,Chambers St/WTC/Park Place/Cortlandt St,2 3 A C E R W
CORTLANDT ST,1,CORTLANDT ST_1,328,WTC Cortlandt,1
CORTLANDT ST,RNW,CORTLANDT ST_RNW,624,Chambers St/WTC/Park Place/Cortlandt St,2 3 A C E R W
COURT SQ,7,COURT SQ_7,606,Court Sq-23 St,7 E M G
COURT SQ,EMG,COURT SQ_EMG,606,Court Sq-23 St,7 E M G
COURT SQ-23 ST,EMG,COURT SQ-23 ST_EMG,606,Court Sq-23 St,7 E M G
CRESCENT ST,JZ,CRESCENT ST_JZ,87,Crescent St,J Z
CROWN HTS-UTICA,34,CROWN HTS-UTICA_34,345,Crown Hts-Utica Av,3 4
CYPRESS AV,6,CYPRESS AV_6,375,Cypress Av,6
CYPRESS AVE,6,CYPRESS AVE_6,375,Cypress Av,6
CYPRESS HILLS,J,CYPRESS HILLS_J,86,Cypress Hills,J
DEKALB AV,L,DEKALB AV_L,127,DeKalb Av,L
DEKALB AV,BDNQR,DEKALB AV_BDNQR,26,DeKalb Av,B Q R
DEKALB AVE,BDNQR,DEKALB AVE_BDNQR,26,DeKalb Av,B Q R
DEKALB AVE,L,DEKALB AVE_L,127,DeKalb Av,L
DELANCEY ST,FJMZ,DELANCEY ST_FJMZ,625,Delancey St-Essex St,F M J Z
DELANCEY/ESSEX,FJMZ,DELANCEY/ESSEX_FJMZ,625,Delancey St-Essex St,F M J Z
DELANCEY/ESSEX,FJMZ,DELANCEY/ESSEX_FJMZ,625,Delancey St-Essex St,F M J Z
DITMARS BL-31 S,NQ,DITMARS BL-31 S_NQ,1,Astoria-Ditmars Blvd,N W
DITMAS AV,F,DITMAS AV_F,244,Ditmas Av,F
DITMAS AVE,F,DITMAS AVE_F,244,Ditmas Av,F
DYCKMAN ST,A,DYCKMAN ST_A,144,Dyckman St,A
DYCKMAN ST,1,DYCKMAN ST_1,299,Dyckman St,1
DYCKMAN-200 ST,A,DYCKMAN-200 ST_A,144,Dyckman St,A
DYRE AVE,5,DYRE AVE_5,442,Eastchester-Dyre Av,5
E 143 ST,6,E 143 ST_6,374,E 143 St-St Mary's St,6
E 143/ST MARY'S,6,E 143/ST MARY'S_6,374,E 143 St-St Mary's St,6
E 149 ST,6,E 149 ST_6,373,E 149 St,6
E 177 ST-PARKCH,6,E 177 ST-PARKCH_6,366,Parkchester,6
E 180 ST,25,E 180 ST_25,426,E 180 St,2 5
E TREMONT AVE,25,E TREMONT AVE_25,427,West Farms Sq-E Tremont Av,2 5
EAST 105 ST,L,EAST 105 ST_L,137,East 105 St,L
EAST BROADWAY,F,EAST BROADWAY_F,234,East Broadway,F
EASTCHSTER/DYRE,5,EASTCHSTER/DYRE_5,442,Eastchester-Dyre Av,5
EASTERN PKWY,23,EASTERN PKWY_23,341,Eastern Pkwy-Brooklyn Museum,2 3
EASTN PKWY-MUSM,23,EASTN PKWY-MUSM_23,341,Eastern Pkwy-Brooklyn Museum,2 3
ELDER AV,6,ELDER AV_6,369,Elder Av,6
ELDER AVE,6,ELDER AVE_6,369,Elder Av,6
ELDERTS LANE,JZ,ELDERTS LANE_JZ,85,75 St-Elderts Ln,J Z
ELMHURST AV,MR,ELMHURST AV_MR,266,Elmhurst Av,M R
ELMHURST AVE,MR,ELMHURST AVE_MR,266,Elmhurst Av,M R
ESSEX ST,FJMZ,ESSEX ST_FJMZ,625,Delancey St-Essex St,F M J Z
EUCLID AV,AC,EUCLID AV_AC,188,Euclid Av,A C
EUCLID AVE,AC,EUCLID AVE_AC,188,Euclid Av,A C
FAR ROCKAWAY,A,FAR ROCKAWAY_A,209,Far Rockaway-Mott Av,A
FLATBUSH AV-B.C,25,FLATBUSH AV-B.C_25,359,Flatbush Av-Brooklyn College,2 5
FLATBUSH AVE,25,FLATBUSH AVE_25,359,Flatbush Av-Brooklyn College,2 5
FLUSHING AV,G,FLUSHING AV_G,287,Flushing Av,G
FLUSHING AV,JM,FLUSHING AV_JM,98,Flushing Av,M J
FLUSHING AVE,G,FLUSHING AVE_G,287,Flushing Av,G
FLUSHING AVE,JM,FLUSHING AVE_JM,98,Flushing Av,M J
FLUSHING-MAIN,7,FLUSHING-MAIN_7,447,Flushing-Main St,7
FORDHAM RD,BD,FORDHAM RD_BD,213,Fordham Rd,B D
FORDHAM RD,4,FORDHAM RD_4,382,Fordham Rd,4
FORDHAM ROAD,BD,FORDHAM ROAD_BD,213,Fordham Rd,B D
FORDHAM ROAD,4,FORDHAM ROAD_4,382,Fordham Rd,4
FOREST AVE,M,FOREST AVE_M,110,Forest Av,M
FOREST HILLS 71,EFMR,FOREST HILLS 71_EFMR,261,Forest Hills-71 Av,E F M R
FOREST HILLS-71,EFMR,FOREST HILLS-71_EFMR,261,Forest Hills-71 Av,E F M R
FOREST PARKWAY,J,FOREST PARKWAY_J,84,85 St-Forest Pkwy,J
FRANKLIN AV,2345S,FRANKLIN AV_2345S,626,Franklin Av-Medgar Evers College/Botanic Garden,2 3 4 5 S
FRANKLIN AV,ACS,FRANKLIN AV_ACS,627,Franklin Av,C S
FRANKLIN AVE,ACS,FRANKLIN AVE_ACS,627,Franklin Av,C S
FRANKLIN AVE,2345S,FRANKLIN AVE_2345S,626,Franklin Av-Medgar Evers College/Botanic Garden,2 3 4 5 S
FRANKLIN ST,1,FRANKLIN ST_1,326,Franklin St,1
FREEMAN ST,25,FREEMAN ST_25,429,Freeman St,2 5
FRESH POND RD,M,FRESH POND RD_M,109,Fresh Pond Rd,M
FRESH POND ROAD,M,FRESH POND ROAD_M,109,Fresh Pond Rd,M
FT HAMILTON PKY,D,FT HAMILTON PKY_D,60,Fort Hamilton Pkwy,D
FT HAMILTON PKY,FG,FT HAMILTON PKY_FG,242,Fort Hamilton Pkwy,F G
FT HAMILTON PKY,N,FT HAMILTON PKY_N,72,Fort Hamilton Pkwy,N
FULTON ST,ACJZ2345,FULTON ST_ACJZ2345,628,Fulton St,2 3 4 5 A C J Z
FULTON ST,2345ACJZ,FULTON ST_2345ACJZ,628,Fulton St,2 3 4 5 A C J Z
FULTON ST,G,FULTON ST_G,292,Fulton St,G
FULTON ST,ACJZ2345,FULTON ST_ACJZ2345,628,Fulton St,2 3 4 5 A C J Z
FULTON ST,2345ACJZ,FULTON ST_2345ACJZ,628,Fulton St,2 3 4 5 A C J Z
GATES AV,JZ,GATES AV_JZ,95,Gates Av,J Z
GATES AVE,JZ,GATES AVE_JZ,95,Gates Av,J Z
GRAHAM AV,L,GRAHAM AV_L,122,Graham Av,L
GRAHAM AVE,L,GRAHAM AVE_L,122,Graham Av,L
GRAND ARMY PLAZ,23,GRAND ARMY PLAZ_23,340,Grand Army Plaza,2 3
GRAND AV-NEWTON,MR,GRAND AV-NEWTON_MR,265,Grand Av-Newtown,M R
GRAND ST,L,GRAND ST_L,123,Grand St,L
GRAND ST,BD,GRAND ST_BD,231,Grand St,B D
GRAND-30 AVE,NQ,GRAND-30 AVE_NQ,3,30 Av,N W
GRAND-NEWTOWN,MR,GRAND-NEWTOWN_MR,265,Grand Av-Newtown,M R
GRANT AV,A,GRANT AV_A,189,Grant Av,A
GRANT AVE,A,GRANT AVE_A,189,Grant Av,A
GRD CNTRL-42 ST,4567S,GRD CNTRL-42 ST_4567S,610,Grand Central-42 St,4 5 6 7 S
GREENPOINT AV,G,GREENPOINT AV_G,283,Greenpoint Av,G
GREENPOINT AVE,G,GREENPOINT AVE_G,283,Greenpoint Av,G
GREENWOOD-111,A,GREENWOOD-111_A,194,111 St,A
GUN HILL RD,5,GUN HILL RD_5,444,Gun Hill Rd,5
GUN HILL RD,25,GUN HILL RD_25,421,Gun Hill Rd,2 5
GUN HILL ROAD,25,GUN HILL ROAD_25,421,Gun Hill Rd,2 5
GUN HILL ROAD,5,GUN HILL ROAD_5,444,Gun Hill Rd,5
HALSEY ST,J,HALSEY ST_J,94,Halsey St,J
HALSEY ST,L,HALSEY ST_L,129,Halsey St,L
HARLEM 148 ST,3,HARLEM 148 ST_3,436,Harlem-148 St,3
HEWES ST,JM,HEWES ST_JM,100,Hewes St,M J
HIGH ST,AC,HIGH ST_AC,173,High St,A C
HOUSTON ST,1,HOUSTON ST_1,324,Houston St,1
HOWARD BCH JFK,A,HOWARD BCH JFK_A,198,Howard Beach-JFK Airport,A
HOWARD BCH-JFK,A,HOWARD BCH-JFK_A,198,Howard Beach-JFK Airport,A
HOYT ST,23,HOYT ST_23,336,Hoyt St,2 3
HOYT ST-ASTORIA,NQ,HOYT ST-ASTORIA_NQ,2,Astoria Blvd,N W
HOYT-SCHER,ACG,HOYT-SCHER_ACG,175,Hoyt-Schermerhorn Sts,A C G
HOYT/SCHERMER,ACG,HOYT/SCHERMER_ACG,175,Hoyt-Schermerhorn Sts,A C G
HUDSON-80 ST,A,HUDSON-80 ST_A,190,80 St,A
HUNTERS PT AV,7,HUNTERS PT AV_7,463,Hunters Point Av,7
HUNTERS PT AVE,7,HUNTERS PT AVE_7,463,Hunters Point Av,7
HUNTS POINT AV,6,HUNTS POINT AV_6,371,Hunts Point Av,6
HUNTS POINT AVE,6,HUNTS POINT AVE_6,371,Hunts Point Av,6
INTERVALE AV,25,INTERVALE AV_25,431,Intervale Av,2 5
INTERVALE-163,25,INTERVALE-163_25,431,Intervale Av,2 5
INWOOD-207 ST,A,INWOOD-207 ST_A,143,Inwood-207 St,A
JACKSON AV,25,JACKSON AV_25,433,Jackson Av,2 5
JACKSON AVE,25,JACKSON AVE_25,433,Jackson Av,2 5
JAMAICA 179 ST,F,JAMAICA 179 ST_F,254,Jamaica-179 St,F
JAMAICA CENTER,EJZ,JAMAICA CENTER_EJZ,278,Jamaica Center-Parsons/Archer,E J Z
JAMAICA VAN WK,E,JAMAICA VAN WK_E,280,Jamaica-Van Wyck,E
JAMAICA-179 ST,F,JAMAICA-179 ST_F,254,Jamaica-179 St,F
JAMAICA-VAN WYC,E,JAMAICA-VAN WYC_E,280,Jamaica-Van Wyck,E
JAY ST-METROTEC,ACF,JAY ST-METROTEC_ACF,636,Jay St-MetroTech,A C F R
JAY ST-METROTEC,R,JAY ST-METROTEC_R,636,Jay St-MetroTech,A C F R
JEFFERSON ST,L,JEFFERSON ST_L,126,Jefferson St,L
JFK HOWARD BCH,A,JFK HOWARD BCH_A,198,Howard Beach-JFK Airport,A
JFK JAMAICA CT1,E,JFK JAMAICA CT1_E,278,Jamaica Center-Parsons/Archer,E J Z
JKSN HT-ROOSVLT,EFMR7,JKSN HT-ROOSVLT_EFMR7,616,Jackson Hts-Roosevelt Av/74 St-Broadway,7 E F M R
JUNCTION BLVD,7,JUNCTION BLVD_7,451,Junction Blvd,7
JUNIUS ST,3,JUNIUS ST_3,349,Junius St,3
KEW GARDENS,EF,KEW GARDENS_EF,259,Kew Gardens-Union Tpke,E F
KINGS HIGHWAY,BQ,KINGS HIGHWAY_BQ,51,Kings Hwy,B Q
KINGS HIGHWAY,F,KINGS HIGHWAY_F,250,Kings Hwy,F
KINGS HIGHWAY,N,KINGS HIGHWAY_N,77,Kings Hwy,N
KINGS HWY,N,KINGS HWY_N,77,Kings Hwy,N
KINGS HWY,F,KINGS HWY_F,250,Kings Hwy,F
KINGS HWY,BQ,KINGS HWY_BQ,51,Kings Hwy,B Q
KINGSBRIDGE RD,BD,KINGSBRIDGE RD_BD,212,Kingsbridge Rd,B D
KINGSBRIDGE RD,4,KINGSBRIDGE RD_4,381,Kingsbridge Rd,4
KINGSTON AV,3,KINGSTON AV_3,344,Kingston Av,3
KINGSTON AVE,3,KINGSTON AVE_3,344,Kingston Av,3
KINGSTON-THROOP,C,KINGSTON-THROOP_C,180,Kingston-Throop Avs,C
KNICKERBOCKER,M,KNICKERBOCKER_M,113,Knickerbocker Av,M
KOSCIUSZKO ST,J,KOSCIUSZKO ST_J,96,Kosciuszko St,J
LAFAYETTE AV,C,LAFAYETTE AV_C,176,Lafayette Av,C
LAFAYETTE AVE,C,LAFAYETTE AVE_C,176,Lafayette Av,C
LEFFERTS BLVD,A,LEFFERTS BLVD_A,195,Ozone Park-Lefferts Blvd,A
LEXINGTON AV/53,EM6,LEXINGTON AV/53_EM6,612,Lexington Av/51-53 Sts,6 E M
LEXINGTON AV/63,F,LEXINGTON AV/63_F,223,Lexington Av/63 St,F Q
LEXINGTON AVE,NQR456,LEXINGTON AVE_NQR456,613,Lexington Av/59 St,4 5 6 N R W
LEXINGTON AVE,F,LEXINGTON AVE_F,223,Lexington Av/63 St,F Q
LEXINGTON-53 ST,EM6,LEXINGTON-53 ST_EM6,612,Lexington Av/51-53 Sts,6 E M
LIBERTY AV,C,LIBERTY AV_C,185,Liberty Av,C
LIBERTY AVE,C,LIBERTY AVE_C,185,Liberty Av,C
LIVONIA AV,L,LIVONIA AV_L,135,Livonia Av,L
LIVONIA AVE,L,LIVONIA AVE_L,135,Livonia Av,L
LONGWOOD AV,6,LONGWOOD AV_6,372,Longwood Av,6
LONGWOOD AVE,6,LONGWOOD AVE_6,372,Longwood Av,6
LORIMER ST,LG,LORIMER ST_LG,629,Metropolitan Av/Lorimer St,G L
LORIMER ST,JM,LORIMER ST_JM,99,Lorimer St,M J
MAIN ST,7,MAIN ST_7,447,Flushing-Main St,7
MARBLE HILL-225,1,MARBLE HILL-225_1,296,Marble Hill-225 St,1
MARCY AV,JMZ,MARCY AV_JMZ,101,Marcy Av,M J Z
MARCY AVE,JMZ,MARCY AVE_JMZ,101,Marcy Av,M J Z
METROPOLITAN AV,M,METROPOLITAN AV_M,108,Middle Village-Metropolitan Av,M
METROPOLITAN AV,GL,METROPOLITAN AV_GL,629,Metropolitan Av/Lorimer St,G L
METS-WILLETS PT,7,METS-WILLETS PT_7,448,Mets-Willets Point,7
MIDDLETOWN RD,6,MIDDLETOWN RD_6,362,Middletown Rd,6
MIDDLETOWN ROAD,6,MIDDLETOWN ROAD_6,362,Middletown Rd,6
MONTROSE AV,L,MONTROSE AV_L,124,Montrose Av,L
MONTROSE AVE,L,MONTROSE AVE_L,124,Montrose Av,L
MORGAN AV,L,MORGAN AV_L,125,Morgan Av,L
MORGAN AVE,L,MORGAN AVE_L,125,Morgan Av,L
MORISN AV/SNDVW,6,MORISN AV/SNDVW_6,368,Morrison Av-Soundview,6
MORRIS PARK,5,MORRIS PARK_5,446,Morris Park,5
MORRISON AVE,6,MORRISON AVE_6,368,Morrison Av-Soundview,6
MOSHOLU PARKWAY,4,MOSHOLU PARKWAY_4,379,Mosholu Pkwy,4
MOSHOLU PKWY,4,MOSHOLU PKWY_4,379,Mosholu Pkwy,4
MT EDEN AV,4,MT EDEN AV_4,386,Mt Eden Av,4
MT EDEN AVE,4,MT EDEN AVE_4,386,Mt Eden Av,4
MYRTLE AV,JMZ,MYRTLE AV_JMZ,97,Myrtle Av,M J Z
MYRTLE AVE,JMZ,MYRTLE AVE_JMZ,97,Myrtle Av,M J Z
MYRTLE AVE,LM,MYRTLE AVE_LM,630,Myrtle-Wyckoff Avs,M L
MYRTLE-WILLOUGH,G,MYRTLE-WILLOUGH_G,288,Myrtle-Willoughby Avs,G
MYRTLE-WYCKOFF,LM,MYRTLE-WYCKOFF_LM,630,Myrtle-Wyckoff Avs,M L
NASSAU AV,G,NASSAU AV_G,284,Nassau Av,G
NASSAU ST,G,NASSAU ST_G,284,Nassau Av,G
NECK RD,BQ,NECK RD_BQ,53,Neck Rd,Q
NECK ROAD,BQ,NECK ROAD_BQ,53,Neck Rd,Q
NEPTUNE AV,F,NEPTUNE AV_F,253,Neptune Av,F
NEPTUNE AVE,F,NEPTUNE AVE_F,253,Neptune Av,F
NEREID AV,25,NEREID AV_25,417,Nereid Av,2 5
NEREID AVE,25,NEREID AVE_25,417,Nereid Av,2 5
NEVINS ST,2345,NEVINS ST_2345,337,Nevins St,2 3 4 5
NEW LOTS,L,NEW LOTS_L,136,New Lots Av,L
NEW LOTS AV,3,NEW LOTS AV_3,352,New Lots Av,3
NEW LOTS AVE,3,NEW LOTS AVE_3,352,New Lots Av,3
NEW LOTS AVE,L,NEW LOTS AVE_L,136,New Lots Av,L
NEW UTRECHT AV,ND,NEW UTRECHT AV_ND,615,62 St/New Utrecht Av,D N
NEW UTRECHT AVE,ND,NEW UTRECHT AVE_ND,615,62 St/New Utrecht Av,D N
NEWKIRK AV,25,NEWKIRK AV_25,358,Newkirk Av-Little Haiti,2 5
NEWKIRK AVE,25,NEWKIRK AVE_25,358,Newkirk Av-Little Haiti,2 5
NEWKIRK PLAZA,BQ,NEWKIRK PLAZA_BQ,47,Newkirk Plaza,B Q
NORTHERN BLVD,MR,NORTHERN BLVD_MR,269,Northern Blvd,M R
NORWOOD 205 ST,D,NORWOOD 205 ST_D,210,Norwood-205 St,D
NORWOOD AV,JZ,NORWOOD AV_JZ,88,Norwood Av,J Z
NORWOOD AVE,JZ,NORWOOD AVE_JZ,88,Norwood Av,J Z
NORWOOD-205 ST,D,NORWOOD-205 ST_D,210,Norwood-205 St,D
NOSTRAND AV,AC,NOSTRAND AV_AC,179,Nostrand Av,A C
NOSTRAND AV,3,NOSTRAND AV_3,343,Nostrand Av,3
NOSTRAND AVE,3,NOSTRAND AVE_3,343,Nostrand Av,3
NOSTRAND AVE,AC,NOSTRAND AVE_AC,179,Nostrand Av,A C
OCEAN PARKWAY,Q,OCEAN PARKWAY_Q,56,Ocean Pkwy,Q
OCEAN PKWY,Q,OCEAN PKWY_Q,56,Ocean Pkwy,Q
OXFORD-104 ST,A,OXFORD-104 ST_A,193,104 St,A
OZONE PK LEFFRT,A,OZONE PK LEFFRT_A,195,Ozone Park-Lefferts Blvd,A
PARK PLACE,S,PARK PLACE_S,141,Park Pl,S
PARK PLACE,23ACE,PARK PLACE_23ACE,624,Chambers St/WTC/Park Place/Cortlandt St,2 3 A C E R W
PARKCHESTER,6,PARKCHESTER_6,366,Parkchester,6
PARKSIDE AV,BQ,PARKSIDE AV_BQ,43,Parkside Av,Q
PARKSIDE AVE,BQ,PARKSIDE AVE_BQ,43,Parkside Av,Q
PARSONS BLVD,F,PARSONS BLVD_F,256,Parsons Blvd,F
PELHAM BAY PARK,6,PELHAM BAY PARK_6,360,Pelham Bay Park,6
PELHAM PARKWAY,5,PELHAM PARKWAY_5,445,Pelham Pkwy,5
PELHAM PARKWAY,25,PELHAM PARKWAY_25,424,Pelham Pkwy,2 5
PELHAM PKWY,25,PELHAM PKWY_25,424,Pelham Pkwy,2 5
PELHAM PKWY,5,PELHAM PKWY_5,445,Pelham Pkwy,5
PENNSYLVANIA AV,3,PENNSYLVANIA AV_3,350,Pennsylvania Av,3
PRESIDENT ST,25,PRESIDENT ST_25,353,President St-Medgar Evers College,2 5
PRINCE ST,NR,PRINCE ST_NR,17,Prince St,R W
PRINCE ST,NRW,PRINCE ST_NRW,17,Prince St,R W
PRINCE ST-B'WAY,NR,PRINCE ST-B'WAY_NR,17,Prince St,R W
PROSPECT AV,25,PROSPECT AV_25,432,Prospect Av,2 5
PROSPECT AV,R,PROSPECT AV_R,30,Prospect Av,R
PROSPECT AVE,R,PROSPECT AVE_R,30,Prospect Av,R
PROSPECT AVE,25,PROSPECT AVE_25,432,Prospect Av,2 5
PROSPECT PARK,BQS,PROSPECT PARK_BQS,42,Prospect Park,B Q S
QUEENS PLAZA,EMR,QUEENS PLAZA_EMR,273,Queens Plaza,E M R
QUEENSBORO PLZ,7NQ,QUEENSBORO PLZ_7NQ,461,Queensboro Plaza,7 N W
QUEENSBORO PLZ,7NQW,QUEENSBORO PLZ_7NQW,461,Queensboro Plaza,7 N W
RALPH AV,C,RALPH AV_C,182,Ralph Av,C
RALPH AVE,C,RALPH AVE_C,182,Ralph Av,C
RECTOR ST,NRW,RECTOR ST_NRW,22,Rector St,R W
RECTOR ST,1,RECTOR ST_1,329,Rector St,1
RECTOR ST,R,RECTOR ST_R,22,Rector St,R W
ROCKAWAY AV,3,ROCKAWAY AV_3,348,Rockaway Av,3
ROCKAWAY AV,C,ROCKAWAY AV_C,183,Rockaway Av,C
ROCKAWAY AVE,3,ROCKAWAY AVE_3,348,Rockaway Av,3
ROCKAWAY AVE,C,ROCKAWAY AVE_C,183,Rockaway Av,C
ROCKAWAY BLVD,A,ROCKAWAY BLVD_A,192,Rockaway Blvd,A
ROCKAWAY PARK B,AS,ROCKAWAY PARK B_AS,203,Rockaway Park-Beach 116 St,A S
ROCKAWAY PK 116,AS,ROCKAWAY PK 116_AS,203,Rockaway Park-Beach 116 St,A S
ROCKAWAY PKY,L,ROCKAWAY PKY_L,138,Canarsie-Rockaway Pkwy,L
ROOSEVELT AVE,EFMR7,ROOSEVELT AVE_EFMR7,616,Jackson Hts-Roosevelt Av/74 St-Broadway,7 E F M R
ROOSEVELT IS,F,ROOSEVELT IS_F,222,Roosevelt Island,F
ROOSEVELT ISLND,F,ROOSEVELT ISLND_F,222,Roosevelt Island,F
SARATOGA AV,3,SARATOGA AV_3,347,Saratoga Av,3
SARATOGA AVE,3,SARATOGA AVE_3,347,Saratoga Av,3
SENECA AVE,M,SENECA AVE_M,111,Seneca Av,M
SHEEPSHEAD BAY,BQ,SHEEPSHEAD BAY_BQ,54,Sheepshead Bay,B Q
SHEPHERD AV,C,SHEPHERD AV_C,187,Shepherd Av,C
SHEPHERD AVE,C,SHEPHERD AVE_C,187,Shepherd Av,C
SIMPSON ST,25,SIMPSON ST_25,430,Simpson St,2 5
SMITH-9 ST,FG,SMITH-9 ST_FG,238,Smith-9 Sts,F G
SOUTH FERRY,1RW,SOUTH FERRY_1RW,635,Whitehall St-South Ferry,1 R W
SOUTH FERRY,1R,SOUTH FERRY_1R,635,Whitehall St-South Ferry,1 R W
SPRING ST,6,SPRING ST_6,409,Spring St,6
SPRING ST,CE,SPRING ST_CE,168,Spring St,C E
ST LAWRENCE AV,6,ST LAWRENCE AV_6,367,St Lawrence Av,6
ST LAWRENCE AVE,6,ST LAWRENCE AVE_6,367,St Lawrence Av,6
ST. GEORGE,1,ST. GEORGE_1,501,St George,SIR
STEINWAY ST,MR,STEINWAY ST_MR,271,Steinway St,M R
STERLING ST,25,STERLING ST_25,354,Sterling St,2 5
STILLWELL AVE,DFNQ,STILLWELL AVE_DFNQ,58,Coney Island-Stillwell Av,D F N Q
SUTPHIN BLVD,F,SUTPHIN BLVD_F,257,Sutphin Blvd,F
SUTPHIN BLVD,EJZ,SUTPHIN BLVD_EJZ,279,Sutphin Blvd-Archer Av-JFK Airport,E J Z
SUTPHIN-ARCHER,E,SUTPHIN-ARCHER_E,279,Sutphin Blvd-Archer Av-JFK Airport,E J Z
SUTPHIN-ARCHER,EJZ,SUTPHIN-ARCHER_EJZ,279,Sutphin Blvd-Archer Av-JFK Airport,E J Z
SUTTER AV,L,SUTTER AV_L,134,Sutter Av,L
SUTTER AV-RUTLD,3,SUTTER AV-RUTLD_3,346,Sutter Av-Rutland Rd,3
SUTTER AVE,L,SUTTER AVE_L,134,Sutter Av,L
SUTTER AVE,3,SUTTER AVE_3,346,Sutter Av-Rutland Rd,3
TIMES SQ-42 ST,1237ACENQRSW,TIMES SQ-42 ST_1237ACENQRSW,611,Times Sq-42 St/Port Authority Bus Terminal,1 2 3 7 A C E N Q R W S
TIMES SQ-42 ST,ACENQRS1237,TIMES SQ-42 ST_ACENQRS1237,611,Times Sq-42 St/Port Authority Bus Terminal,1 2 3 7 A C E N Q R W S
TIMES SQ-42 ST,ACENQRS1237W,TIMES SQ-42 ST_ACENQRS1237W,611,Times Sq-42 St/Port Authority Bus Terminal,1 2 3 7 A C E N Q R W S
TIMES SQ-42 ST,1237ACENQRS,TIMES SQ-42 ST_1237ACENQRS,611,Times Sq-42 St/Port Authority Bus Terminal,1 2 3 7 A C E N Q R W S
TOMPKINSVILLE,1,TOMPKINSVILLE_1,502,Tompkinsville,SIR
TREMONT AV,BD,TREMONT AV_BD,215,Tremont Av,B D
TREMONT AVE,BD,TREMONT AVE_BD,215,Tremont Av,B D
UNION ST,R,UNION ST_R,28,Union St,R
UNION TPK-KEW G,EF,UNION TPK-KEW G_EF,259,Kew Gardens-Union Tpke,E F
UTICA AV,AC,UTICA AV_AC,181,Utica Av,A C
UTICA AVE,AC,UTICA AVE_AC,181,Utica Av,A C
V.CORTLANDT PK,1,V.CORTLANDT PK_1,293,Van Cortlandt Park-242 St,1
VAN ALSTON-21ST,G,VAN ALSTON-21ST_G,282,21 St,G
VAN SICLEN AV,3,VAN SICLEN AV_3,351,Van Siclen Av,3
VAN SICLEN AV,JZ,VAN SICLEN AV_JZ,90,Van Siclen Av,J Z
VAN SICLEN AVE,C,VAN SICLEN AVE_C,186,Van Siclen Av,C
VAN SICLEN AVE,3,VAN SICLEN AVE_3,351,Van Siclen Av,3
VAN SICLEN AVE,JZ,VAN SICLEN AVE_JZ,90,Van Siclen Av,J Z
VAN WYCK BLVD,EF,VAN WYCK BLVD_EF,280,Jamaica-Van Wyck,E
VERNON-JACKSON,7,VERNON-JACKSON_7,464,Vernon Blvd-Jackson Av,7
VERNON/JACKSON,7,VERNON/JACKSON_7,464,Vernon Blvd-Jackson Av,7
W 4 ST-WASH SQ,ABCDEFM,W 4 ST-WASH SQ_ABCDEFM,167,W 4 St-Wash Sq,A C E B D F M
W 8 ST-AQUARIUM,FQ,W 8 ST-AQUARIUM_FQ,57,W 8 St-NY Aquarium,F Q
WAKEFIELD-241,2,WAKEFIELD-241_2,416,Wakefield-241 St,2
WAKEFIELD/241,2,WAKEFIELD/241_2,416,Wakefield-241 St,2
WALL ST,45,WALL ST_45,413,Wall St,4 5
WALL ST,23,WALL ST_23,333,Wall St,2 3
WASHINGTON-36 A,NQ,WASHINGTON-36 A_NQ,5,36 Av,N W
WEST FARMS SQ,25,WEST FARMS SQ_25,427,West Farms Sq-E Tremont Av,2 5
WESTCHESTER SQ,6,WESTCHESTER SQ_6,363,Westchester Sq-E Tremont Av,6
WHITEHALL S-FRY,R1,WHITEHALL S-FRY_R1,635,Whitehall St-South Ferry,1 R W
WHITEHALL S-FRY,R1W,WHITEHALL S-FRY_R1W,635,Whitehall St-South Ferry,1 R W
WHITEHALL ST,R1,WHITEHALL ST_R1,635,Whitehall St-South Ferry,1 R W
WHITLOCK AV,6,WHITLOCK AV_6,370,Whitlock Av,6
WHITLOCK AVE,6,WHITLOCK AVE_6,370,Whitlock Av,6
WILSON AV,L,WILSON AV_L,130,Wilson Av,L
WILSON AVE,L,WILSON AVE_L,130,Wilson Av,L
WINTHROP ST,25,WINTHROP ST_25,355,Winthrop St,2 5
WOODHAVEN BLVD,JZ,WOODHAVEN BLVD_JZ,83,Woodhaven Blvd,J Z
WOODHAVEN BLVD,MR,WOODHAVEN BLVD_MR,264,Woodhaven Blvd,M R
WOODLAWN,4,WOODLAWN_4,378,Woodlawn,4
WOODLAWN ROAD,4,WOODLAWN ROAD_4,378,Woodlawn,4
WORLD TRADE CTR,ACE23,WORLD TRADE CTR_ACE23,624,Chambers St/WTC/Park Place/Cortlandt St,2 3 A C E R W
WTC-CORTLANDT,1,WTC-CORTLANDT_1,328,WTC Cortlandt,1
YORK ST,F,YORK ST_F,235,York St,F
ZEREGA AV,6,ZEREGA AV_6,364,Zerega Av,6
ZEREGA AVE,6,ZEREGA AVE_6,364,Zerega Av,6